{"D_A": 0.01864025555551052, "G_A": 0.610291600227356, "cycle_A": 0.9878870248794556, "idt_A": 0.25326836109161377, "D_B": 0.020935073494911194, "G_B": 0.7729640007019043, "cycle_B": 0.7251734137535095, "idt_B": 0.46698427200317383, "_timestamp": 1653387711, "_runtime": 154, "_step": 2, "_wandb": {"runtime": 176}}