{"D_A": 0.1399499773979187, "G_A": 0.5059596300125122, "cycle_A": 1.3073176145553589, "idt_A": 1.1601834297180176, "D_B": 0.15975691378116608, "G_B": 0.49379274249076843, "cycle_B": 2.801790714263916, "idt_B": 0.7362943291664124, "_timestamp": 1653389099, "_runtime": 104, "_step": 1, "_wandb": {"runtime": 131}}