{"D_A": 0.16163909435272217, "G_A": 0.6883358359336853, "cycle_A": 1.2284507751464844, "idt_A": 0.45978784561157227, "D_B": 0.2539615333080292, "G_B": 0.27125057578086853, "cycle_B": 0.9535622000694275, "idt_B": 0.5188754200935364, "_timestamp": 1653388741, "_runtime": 101, "_step": 1, "_wandb": {"runtime": 132}}