{"D_A": 0.16808074712753296, "G_A": 0.6706026196479797, "cycle_A": 4.347935676574707, "idt_A": 1.9728431701660156, "D_B": 0.1870574653148651, "G_B": 0.6133787035942078, "cycle_B": 4.0420684814453125, "idt_B": 1.9883501529693604, "_timestamp": 1653384583, "_runtime": 55, "_step": 0, "_wandb": {"runtime": 89}}