{"D_A": 0.2398834526538849, "G_A": 0.4568137526512146, "cycle_A": 2.8020169734954834, "idt_A": 1.592763900756836, "D_B": 0.3498673737049103, "G_B": 0.5405406355857849, "cycle_B": 3.086075782775879, "idt_B": 1.421255111694336, "_timestamp": 1653387030, "_runtime": 51, "_step": 0, "_wandb": {"runtime": 88}}