{"D_A": 0.08864262700080872, "G_A": 0.47880107164382935, "cycle_A": 1.0795480012893677, "idt_A": 0.1618635654449463, "D_B": 0.2849864661693573, "G_B": 0.1490487903356552, "cycle_B": 0.44371330738067627, "idt_B": 0.35595065355300903, "_timestamp": 1653645021, "_runtime": 109, "_step": 2, "_wandb": {"runtime": 118}}