{"D_A": 0.15945866703987122, "G_A": 0.5509663820266724, "cycle_A": 1.1982065439224243, "idt_A": 0.23670655488967896, "D_B": 0.4204801917076111, "G_B": 0.7838521003723145, "cycle_B": 0.7547426223754883, "idt_B": 0.35832998156547546, "_timestamp": 1653644787, "_runtime": 122, "_step": 0, "_wandb": {"runtime": 135}}